"vm0","vm0.rt1","vm0.rt1",3000
"vm1","vm1.rt1","vm1.rt1",3000
"vm2","vm2.rt1","vm2.rt1",3000
"vm3","vm3.rt1","vm3.rt1",3000
"vm4","vm4.rt1","vm4.rt1",3000
"vm5","vm5.rt1","vm5.rt1",3000
"vm1","vm1.rt2","vm1.rt2",3000
"vm2","vm2.rt2","vm2.rt2",3000
"vm3","vm3.rt2","vm3.rt2",3000
"vm4","vm4.rt2","vm4.rt2",3000
"vm5","vm5.rt2","vm5.rt2",3000
"vm1","vm1.rt3","vm1.rt3",3000
"vm2","vm2.rt3","vm2.rt3",3000
"vm3","vm3.rt3","vm3.rt3",3000
"vm4","vm4.rt3","vm4.rt3",3000
"vm5","vm5.rt3","vm5.rt3",3000
"vm1","vm1.rt4","vm1.rt4",3000
"vm2","vm2.rt4","vm2.rt4",3000
"vm3","vm3.rt4","vm3.rt4",3000
"vm4","vm4.rt4","vm4.rt4",3000
"vm5","vm5.rt4","vm5.rt4",3000
